{
  "hash": "bcd74cf1",
  "configHash": "26ad2b84",
  "lockfileHash": "b4bd6147",
  "browserHash": "b7b952c5",
  "optimized": {
    "@angular/common": {
      "src": "../../../../../../node_modules/@angular/common/fesm2022/common.mjs",
      "file": "@angular_common.js",
      "fileHash": "bb7d4ed7",
      "needsInterop": false
    },
    "@angular/common/http": {
      "src": "../../../../../../node_modules/@angular/common/fesm2022/http.mjs",
      "file": "@angular_common_http.js",
      "fileHash": "585ce913",
      "needsInterop": false
    },
    "@angular/core": {
      "src": "../../../../../../node_modules/@angular/core/fesm2022/core.mjs",
      "file": "@angular_core.js",
      "fileHash": "f241042b",
      "needsInterop": false
    },
    "@angular/platform-browser": {
      "src": "../../../../../../node_modules/@angular/platform-browser/fesm2022/platform-browser.mjs",
      "file": "@angular_platform-browser.js",
      "fileHash": "f59f96cc",
      "needsInterop": false
    },
    "@angular/router": {
      "src": "../../../../../../node_modules/@angular/router/fesm2022/router.mjs",
      "file": "@angular_router.js",
      "fileHash": "2e4d8ecb",
      "needsInterop": false
    },
    "@angular/forms": {
      "src": "../../../../../../node_modules/@angular/forms/fesm2022/forms.mjs",
      "file": "@angular_forms.js",
      "fileHash": "af889238",
      "needsInterop": false
    }
  },
  "chunks": {
    "chunk-PLHUT5KE": {
      "file": "chunk-PLHUT5KE.js"
    },
    "chunk-WZYZKZBD": {
      "file": "chunk-WZYZKZBD.js"
    },
    "chunk-AHAARRDJ": {
      "file": "chunk-AHAARRDJ.js"
    },
    "chunk-Z3E5OR53": {
      "file": "chunk-Z3E5OR53.js"
    },
    "chunk-MHQIP2VU": {
      "file": "chunk-MHQIP2VU.js"
    }
  }
}