[
  {
    "code": "GAL",
    "name": "Gale Reef",
    "length": "7 nights",
    "start": "2024-06-01",
    "resort": "Coral Paradise",
    "perPerson": "$899.00",
    "image": "reef1.jpg",
    "description": "Explore the coral gardens of Gale Reef!"
  },
  {
    "code": "DAW",
    "name": "Dawson’s Reef",
    "length": "5 nights",
    "start": "2024-07-15",
    "resort": "Lagoon Retreat",
    "perPerson": "$699.00",
    "image": "reef2.jpg",
    "description": "Swim with sea turtles at Dawson’s Reef!"
  },
  {
    "code": "CLA",
    "name": "Claire’s Reef",
    "length": "4 nights",
    "start": "2024-08-20",
    "resort": "Sunset Bay",
    "perPerson": "$599.00",
    "image": "reef3.jpg",
    "description": "Snorkel through the stunning Claire’s Reef!"
  }
]
